{
    "total": [
        0.019794434049650082,
        0.01753177831309829,
        0.016791444628837957,
        0.016355668522996886,
        0.015996425581008035,
        0.01564160719257906,
        0.015300491531707925,
        0.014930159026996029,
        0.014582701237909293,
        0.014223430844640214,
        0.01393494656171387,
        0.01359451242855617,
        0.013244942361135272,
        0.012926519664836404,
        0.012588039670429221,
        0.012274232159148073,
        0.011934785473802098,
        0.011653629249504095,
        0.011385961919079852,
        0.01106824790199993,
        0.01079515986663254,
        0.010545941362760382
    ],
    "regression": [
        0.019794434049650082,
        0.01753177831309829,
        0.016791444628837957,
        0.016355668522996886,
        0.015996425581008035,
        0.01564160719257906,
        0.015300491531707925,
        0.014930159026996029,
        0.014582701237909293,
        0.014223430844640214,
        0.01393494656171387,
        0.01359451242855617,
        0.013244942361135272,
        0.012926519664836404,
        0.012588039670429221,
        0.012274232159148073,
        0.011934785473802098,
        0.011653629249504095,
        0.011385961919079852,
        0.01106824790199993,
        0.01079515986663254,
        0.010545941362760382
    ],
    "ssim": [
        0.0,
        0.0,
        0.0,
        0.0,
        0.0,
        0.0,
        0.0,
        0.0,
        0.0,
        0.0,
        0.0,
        0.0,
        0.0,
        0.0,
        0.0,
        0.0,
        0.0,
        0.0,
        0.0,
        0.0,
        0.0,
        0.0
    ]
}